age,height,class
48,1.8201256164898496,Programmer
19,1.6025298615499204,Data Scientist